<?xml version="1.0" encoding="UTF-8"?>
<databaseChangeLog
        xmlns="http://www.liquibase.org/xml/ns/dbchangelog"
        xmlns:xsi="http://www.w3.org/2001/XMLSchema-instance"
        xsi:schemaLocation="http://www.liquibase.org/xml/ns/dbchangelog
                      http://www.liquibase.org/xml/ns/dbchangelog/dbchangelog-4.5.xsd">

    <changeSet id="1" author="rakhmedova">
        <createTable tableName="tbl_creator">
            <column name="id" type="bigint" autoIncrement="true">
                <constraints primaryKey="true" nullable="false"/>
            </column>
            <column name="login" type="varchar(255)">
                <constraints nullable="false" unique="true"/>
            </column>
            <column name="password" type="varchar(255)">
                <constraints nullable="false"/>
            </column>
            <column name="firstname" type="varchar(255)">
                <constraints nullable="false"/>
            </column>
            <column name="lastname" type="varchar(255)">
                <constraints nullable="false"/>
            </column>
        </createTable>

        <createTable tableName="tbl_story">
            <column name="id" type="bigint" autoIncrement="true">
                <constraints primaryKey="true" nullable="false"/>
            </column>
            <column name="title" type="varchar(255)">
                <constraints nullable="false"/>
            </column>
            <column name="content" type="varchar(2048)">
                <constraints nullable="false"/>
            </column>
            <column name="creator_id" type="bigint">
                <constraints nullable="false" foreignKeyName="fk_story_creator" references="tbl_creator(id)"/>
            </column>
            <column name="created" type="timestamp">
                <constraints nullable="false"/>
            </column>
            <column name="modified" type="timestamp">
                <constraints nullable="false"/>
            </column>
        </createTable>

        <createTable tableName="tbl_mark">
            <column name="id" type="bigint" autoIncrement="true">
                <constraints primaryKey="true" nullable="false"/>
            </column>
            <column name="name" type="varchar(255)">
                <constraints nullable="false"/>
            </column>
        </createTable>

        <createTable tableName="tbl_story_mark">
            <column name="story_id" type="bigint">
                <constraints nullable="false" foreignKeyName="fk_story_mark_story" references="tbl_story(id)"/>
            </column>
            <column name="mark_id" type="bigint">
                <constraints nullable="false" foreignKeyName="fk_story_mark_mark" references="tbl_mark(id)"/>
            </column>
        </createTable>

        <createTable tableName="tbl_note">
            <column name="id" type="bigint" autoIncrement="true">
                <constraints primaryKey="true" nullable="false"/>
            </column>
            <column name="content" type="varchar(2048)">
                <constraints nullable="false"/>
            </column>
            <column name="story_id" type="bigint">
                <constraints nullable="false" foreignKeyName="fk_note_story" references="tbl_story(id)"/>
            </column>
        </createTable>

        <addPrimaryKey tableName="tbl_story_mark" columnNames="story_id,mark_id"/>
    </changeSet>

    <!-- Include all changelogs -->
    <include file="classpath:db/changelog/changes/v1.0/2024-03-20-01-add-note-status.xml"/>
</databaseChangeLog> 